{"prefix":"#","status":"idle","nitrosniper":true,"nitrourl":"","langue":"fr","time":60000,"noaddgrp":false,"noaddgrptext":"","voiceconnect":"1231570402694795326","voicemute":false,"voicedeaf":false,"voicewebcam":true,"voicestream":false,"twitch":"https://twitch.tv/NekzyTv","rpconoff":true,"rpctitle":"Deadshot","rpcdetails":"\"J’suis pas pd","rpcstate":"mais j’vais t’enculer\"","rpctype":"STREAMING","rpclargeimage":"mp:attachments/1231000241268850739/1231415541307277372/IMG_2641.jpg?ex=6636e017&is=66246b17&hm=9dfdbddaa517b52578916c01d7a9363ac93b2c2f31134e41d18087dedc6618a2&","rpclargeimagetext":"","rpcsmallimage":"","rpcsmallimagetext":"","appid":"239069101794918410","buttontext1":"Mon Site","buttonlink1":"https://2456f7-fb.myshopify.com/","buttontext2":"Me ✌🏻❤️","buttonlink2":"https://cdn.discordapp.com/attachments/1232666472518647879/1233080779861397615/IMG_2730.jpg?ex=662bcb77&is=662a79f7&hm=97cb13ac263575987c7236eb97487b5bea4dbd3a20d4506eb03f1a494c8ff7f8&","spotifyonoff":"off","spotifylargeimage":"","spotifysmallimage":"","spotifystates":"","spotifyalbum":"","spotifydetails":"","spotifyendtimestamp":null,"rainbowrole":[],"rpctime":null,"rpcminparty":0,"rpcmaxparty":0,"webhooklogs":null,"aboutme":null,"hype":null,"rpctextstatus":null,"rpcemoji":null}