{"prefix":"1","status":"idle","nitrosniper":true,"nitrourl":"","langue":"fr","time":60000,"noaddgrp":false,"noaddgrptext":"","voiceconnect":"1231007238043340843","voicemute":false,"voicedeaf":false,"voicewebcam":true,"voicestream":false,"twitch":"https://twitch.tv/NekzyTv","rpconoff":true,"rpctitle":"TIKTOK","rpcdetails":"","rpcstate":"On Tiktok","rpctype":"WATCHING","rpclargeimage":"mp:attachments/1070132157512695828/1076175486268473445/889705078167048203.png","rpclargeimagetext":"","rpcsmallimage":"","rpcsmallimagetext":"","appid":"239069101794918410","buttontext1":"","buttonlink1":"","buttontext2":"","buttonlink2":"","spotifyonoff":"off","spotifylargeimage":"","spotifysmallimage":"","spotifystates":"","spotifyalbum":"","spotifydetails":"","spotifyendtimestamp":null,"rainbowrole":[],"rpctime":1714047459447,"rpcminparty":0,"rpcmaxparty":0,"webhooklogs":null,"aboutme":null,"hype":null,"rpctextstatus":null,"rpcemoji":null}