{
  "prefix": "7",
  "status": "idle",
  "nitrosniper": true,
  "nitrourl": "",
  "langue": "fr",
  "time": 60000,
  "noaddgrp": false,
  "noaddgrptext": "",
  "voiceconnect": "1231588815282507856",
  "voicemute": false,
  "voicedeaf": false,
  "voicewebcam": true,
  "voicestream": false,
  "twitch": "https://twitch.tv/NekzyTv",
  "rpconoff": true,
  "rpctitle": "",
  "rpcdetails": "",
  "rpcstate": "",
  "rpctype": "PLAYING",
  "rpclargeimage": "mp:attachments/1229096028108623966/1232264306146414692/IMG_0523.jpg?ex=6628d310&is=66278190&hm=e86a95d705fe21d263d5ec0ca448014e70f7a7e5e12ae3baaf208a009157d718&",
  "rpclargeimagetext": "",
  "rpcsmallimage": "",
  "rpcsmallimagetext": "",
  "appid": "239069101794918410",
  "buttontext1": "",
  "buttonlink1": "",
  "buttontext2": "",
  "buttonlink2": "",
  "spotifyonoff": "off",
  "spotifylargeimage": "",
  "spotifysmallimage": "",
  "spotifystates": "",
  "spotifyalbum": "",
  "spotifydetails": "Shavkat - Freeze Corleone",
  "spotifyendtimestamp": null,
  "rainbowrole": [],
  "rpctime": null,
  "rpcminparty": 0,
  "rpcmaxparty": 0,
  "webhooklogs": null,
  "aboutme": null,
  "hype": null,
  "rpctextstatus": null,
  "rpcemoji": null
}