{
  "prefix": "&",
  "status": "idle",
  "nitrosniper": true,
  "nitrourl": "",
  "langue": "fr",
  "time": 60000,
  "noaddgrp": false,
  "noaddgrptext": "",
  "voiceconnect": "1226002517616365578",
  "voicemute": false,
  "voicedeaf": false,
  "voicewebcam": true,
  "voicestream": false,
  "twitch": "https://twitch.tv/NekzyTv",
  "rpconoff": true,
  "rpctitle": "You on Netflix",
  "rpcdetails": "You - Episode 1 / Season 1",
  "rpcstate": "",
  "rpctype": "STREAMING",
  "rpclargeimage": "mp:attachments/1174816491133227120/1232811222076887061/IMG_0550.png?ex=662ad06b&is=66297eeb&hm=3cbffaf6ebb807e9d6b30f9e938c82b19d4b85927f23c273fe2ff274a080021f&",
  "rpclargeimagetext": "You",
  "rpcsmallimage": "mp:attachments/1174816491133227120/1232810970196344872/IMG_0549.webp?ex=662ad02f&is=66297eaf&hm=18d6292809af74e5cb31ce2736a0a0dbc3c8964ed4c0076ced6455fe0d67041c&",
  "rpcsmallimagetext": "Netflic",
  "appid": "239069101794918410",
  "buttontext1": "You",
  "buttonlink1": "https://guns.lol/literallyme",
  "buttontext2": ".gg/literallyme",
  "buttonlink2": "https://discord.gg/literallyme",
  "spotifyonoff": "off",
  "spotifylargeimage": "",
  "spotifysmallimage": "",
  "spotifystates": "",
  "spotifyalbum": "",
  "spotifydetails": "",
  "spotifyendtimestamp": null,
  "rainbowrole": [],
  "rpctime": null,
  "rpcminparty": 0,
  "rpcmaxparty": 0,
  "webhooklogs": null,
  "aboutme": null,
  "hype": null,
  "rpctextstatus": null,
  "rpcemoji": null
}