{"prefix":"&","status":"idle","nitrosniper":true,"nitrourl":"","langue":"fr","time":60000,"noaddgrp":false,"noaddgrptext":"","voiceconnect":"","voicemute":false,"voicedeaf":false,"voicewebcam":true,"voicestream":false,"twitch":"https://twitch.tv/NekzyTv","rpconoff":true,"rpctitle":"The Network","rpcdetails":"J’aime2Trop","rpcstate":"","rpctype":"STREAMING","rpclargeimage":"mp:attachments/1211398395428741160/1231635203693351053/B4B8B8F7-C6EE-4377-8502-C114342C2A09.gif?ex=6637acab&is=662537ab&hm=497a11c5e2cae5d9e4b0f13fdbf8fba2d15650888ba1776be8c45d1d9c593639&","rpclargeimagetext":"","rpcsmallimage":"","rpcsmallimagetext":"","appid":"239069101794918410","buttontext1":"/Ayako","buttonlink1":"https://discord.gg/ayako","buttontext2":"","buttonlink2":"","spotifyonoff":"off","spotifylargeimage":"","spotifysmallimage":"","spotifystates":"","spotifyalbum":"","spotifydetails":"","spotifyendtimestamp":null,"rainbowrole":[],"rpctime":null,"rpcminparty":0,"rpcmaxparty":0,"webhooklogs":null,"aboutme":null,"hype":null,"rpctextstatus":null,"rpcemoji":null}