{"prefix":"&","status":"idle","nitrosniper":true,"nitrourl":"","langue":"fr","time":60000,"noaddgrp":false,"noaddgrptext":"","voiceconnect":"","voicemute":false,"voicedeaf":false,"voicewebcam":true,"voicestream":false,"twitch":"https://twitch.tv/NekzyTv","rpconoff":true,"rpctitle":"","rpcdetails":"","rpcstate":"","rpctype":"PLAYING","rpclargeimage":"","rpclargeimagetext":"","rpcsmallimage":"","rpcsmallimagetext":"","appid":"239069101794918410","buttontext1":"","buttonlink1":"","buttontext2":"","buttonlink2":"","spotifyonoff":"off","spotifylargeimage":"","spotifysmallimage":"","spotifystates":"","spotifyalbum":"","spotifydetails":"","spotifyendtimestamp":null,"rainbowrole":[],"rpctime":null,"rpcminparty":0,"rpcmaxparty":0,"webhooklogs":null,"aboutme":null,"hype":null,"rpctextstatus":null,"rpcemoji":null}