{
    "prefix": "&",
    "status": "idle",
    "nitrosniper": true,
    "nitrourl": "",
    "langue": "fr",
    "time": 60000,
    "noaddgrp": false,
    "noaddgrptext": "",
    "voiceconnect": "",
    "voicemute": false,
    "voicedeaf": false,
    "voicewebcam": true,
    "voicestream": false,
    "twitch": "https://twitch.tv/NekzyTv",
    "rpconoff": true,
    "rpctitle": "Amone sb",
    "rpcdetails": "☆",
    "rpcstate": "",
    "rpctype": "COMPETING",
    "rpclargeimage": "https://media.discordapp.net/attachments/1191136816435306590/1191407559312146565/IMG_3347.jpg",
    "rpclargeimagetext": "",
    "rpcsmallimage": "",
    "rpcsmallimagetext": "",
    "appid": "239069101794918410",
    "buttontext1": "",
    "buttonlink1": "",
    "buttontext2": "",
    "buttonlink2": "",
    "spotifyonoff": "off",
    "spotifylargeimage": "",
    "spotifysmallimage": "",
    "spotifystates": "",
    "spotifyalbum": "",
    "spotifydetails": "",
    "spotifyendtimestamp": null,
    "rainbowrole": [],
    "rpctime": null,
    "rpcminparty": 0,
    "rpcmaxparty": 0,
    "webhooklogs": null,
    "aboutme": null,
    "hype":null,
    "rpctextstatus": null,
    "rpcemoji": null
  }